City_ID,City,Lat,Lng,Max Temp,Humidity,Cloudiness,Wind Speed,Country,Date
0,tagta,41.6504,59.9164,33.63,22,18,5.39,TM,1717992415
1,kyshtovka,56.555,76.6271,18.52,62,100,4.47,RU,1717992415
2,puerto aysen,-45.4,-72.7,6.98,100,100,0.22,CL,1717992415
3,illizi,26.4833,8.4667,30.45,8,0,4.64,DZ,1717992415
4,yellowknife,62.456,-114.3525,12.31,58,99,2.31,CA,1717992416
5,saipan,15.1355,145.701,32.39,66,40,6.69,MP,1717992416
6,whitehorse,60.7161,-135.0538,22.23,28,80,4.47,CA,1717992416
7,lulea,65.5842,22.1547,10.04,87,75,1.54,SE,1717992416
8,edinburgh of the seven seas,-37.0676,-12.3116,12.33,71,84,10.63,SH,1717992416
9,narasannapeta,18.4167,84.05,34.28,49,100,3.53,IN,1717992416
10,port-aux-francais,-49.35,70.2167,3.27,82,88,13.89,TF,1717992417
11,pochep,52.9336,33.4464,15.57,83,98,3.61,RU,1717992417
12,formby,53.5536,-3.0682,10.16,91,74,4.38,GB,1717992417
13,tanjungtiram,4.0613,98.3699,30.03,67,100,2.59,ID,1717992417
14,aras-asan,8.8908,126.3033,29.12,72,98,2.82,PH,1717992417
15,margaret river,-33.95,115.0667,16.64,56,100,10.71,AU,1717992174
16,alice springs,-23.7,133.8833,22.75,25,0,2.57,AU,1717992418
17,boa vista,2.8197,-60.6733,24.99,94,40,0.0,BR,1717992418
18,rawson,-43.3002,-65.1023,9.85,67,6,3.82,AR,1717992418
19,taro,-8.3862,115.28,25.0,75,75,0.79,ID,1717992418
20,tiksi,71.6872,128.8694,2.69,83,67,3.28,RU,1717992418
21,bethel,41.3712,-73.414,16.47,87,20,0.45,US,1717992366
22,adrar,20.5022,-10.0711,30.75,33,6,4.97,MR,1717992419
23,grytviken,-54.2811,-36.5092,-7.4,77,21,4.73,GS,1717992419
24,saint-philippe,-21.3585,55.7679,21.17,85,49,4.79,RE,1717992419
25,puerto natales,-51.7236,-72.4875,1.29,99,100,1.71,CL,1717992419
26,yulinshi,38.2906,109.7494,30.4,17,31,4.23,CN,1717992419
27,khanty-mansiysk,61.0042,69.0019,20.06,45,0,2.0,RU,1717992420
28,lompoc,34.6391,-120.4579,16.55,85,100,4.92,US,1717992131
29,arrifana,40.9156,-8.4966,16.74,92,96,0.93,PT,1717992420
30,haiku-pauwela,20.9219,-156.3051,25.7,70,40,10.29,US,1717992420
31,ghanzi,-21.5667,21.7833,7.11,77,18,4.69,BW,1717992420
32,columbia,34.0007,-81.0348,25.8,75,0,1.54,US,1717992170
33,pisco,-13.7,-76.2167,17.03,88,100,1.54,PE,1717992421
34,xiongzhou,25.1167,114.3,26.4,94,100,1.2,CN,1717992421
35,chunskiy,56.0815,99.6342,18.71,46,12,3.48,RU,1717992421
36,hermanus,-34.4187,19.2345,11.0,73,1,4.88,ZA,1717992421
37,xining,36.6167,101.7667,18.34,43,100,2.03,CN,1717992421
38,petropavlovsk-kamchatsky,53.0452,158.6483,18.33,75,75,5.81,RU,1717992421
39,wailua homesteads,22.0669,-159.378,29.24,76,75,6.69,US,1717992422
40,bredasdorp,-34.5322,20.0403,9.59,88,4,1.74,ZA,1717992422
41,makurazaki,31.2667,130.3167,21.94,87,100,3.05,JP,1717992422
42,kailua-kona,19.6406,-155.9956,26.98,79,75,3.09,US,1717992422
43,howrah,22.5892,88.3103,35.0,63,20,4.12,IN,1717992422
44,blackmans bay,-43.0167,147.3167,11.4,60,7,0.45,AU,1717992422
45,iqaluit,63.7506,-68.5145,-0.17,68,3,4.47,CA,1717992409
46,zermatt,46.0213,7.7491,8.98,99,100,3.1,CH,1717992423
47,piatykhatky,48.4133,33.7106,20.49,61,91,3.51,UA,1717992423
48,port mathurin,-19.6833,63.4167,23.76,83,68,9.91,MU,1717992423
49,novosergiyevka,52.0934,53.6528,21.81,61,3,1.05,RU,1717992197
50,trifesti,47.45,27.5167,20.53,89,6,0.14,RO,1717992423
51,afaahiti,-17.75,-149.2833,23.93,91,100,8.19,PF,1717992423
52,tai'an,36.1853,117.12,37.71,14,2,3.63,CN,1717992424
53,longfeng,46.55,125.1167,25.72,33,99,6.4,CN,1717992424
54,georgetown,5.4112,100.3354,31.96,66,20,2.06,MY,1717992424
55,waitangi,-43.9535,-176.5597,13.79,97,100,2.68,NZ,1717992424
56,ust-nera,64.5667,143.2,14.5,28,55,0.22,RU,1717992424
57,albany,42.6001,-73.9662,15.13,79,95,0.45,US,1717992200
58,qamdo,31.1667,97.2333,17.6,34,32,2.23,CN,1717992424
59,mahdishahr,35.7108,53.3556,25.39,13,46,1.53,IR,1717992425
60,okha,53.5739,142.9478,9.58,89,99,4.47,RU,1717992425
61,minas de marcona,-15.2119,-75.1103,11.49,89,50,2.26,PE,1717992425
62,ribeira grande,38.5167,-28.7,17.1,86,93,2.24,PT,1717992425
63,invercargill,-46.4,168.35,8.9,71,25,1.79,NZ,1717992425
64,colonia,50.9333,6.95,11.65,81,0,2.06,DE,1717992426
65,balsas,-7.5325,-46.0356,26.88,49,80,1.18,BR,1717992426
66,mount pearl,47.5166,-52.7813,10.53,95,100,11.83,CA,1717992426
67,al badari,26.9926,31.4155,26.59,34,0,2.99,EG,1717992426
68,talara,-4.5772,-81.2719,18.61,86,7,5.35,PE,1717992426
69,udachny,66.4167,112.4,21.36,32,45,3.85,RU,1717992426
70,tres arroyos,-38.3739,-60.2798,10.82,65,21,4.72,AR,1717992427
71,adamstown,-25.066,-130.1015,22.43,76,100,5.87,PN,1717992427
72,waingapu,-9.6567,120.2641,28.36,62,42,6.47,ID,1717992427
73,karratha,-20.7377,116.8463,25.17,37,0,5.77,AU,1717992427
74,fortaleza,-3.7227,-38.5247,26.23,83,0,3.6,BR,1717992427
75,villa gesell,-37.2639,-56.973,12.81,91,69,3.64,AR,1717992428
76,flying fish cove,-10.4217,105.6791,27.82,83,75,5.14,CX,1717992428
77,papatowai,-46.5619,169.4708,8.11,69,12,2.85,NZ,1717992428
78,lihue,21.9789,-159.3672,29.58,69,75,6.69,US,1717992428
79,hawaiian paradise park,19.5933,-154.9731,25.73,74,75,3.6,US,1717992428
80,vilyuchinsk,52.9306,158.4028,19.15,67,92,1.15,RU,1717992429
81,burabay,53.0838,70.3138,20.32,77,71,4.99,KZ,1717992429
82,san patricio,28.017,-97.5169,29.36,78,0,4.72,US,1717992429
83,bilibino,68.0546,166.4372,13.67,38,82,2.15,RU,1717992429
84,tamanrasset,22.785,5.5228,25.95,13,0,3.09,DZ,1717992429
85,nouadhibou,20.931,-17.0347,18.85,88,9,9.11,MR,1717992429
86,kourou,5.1552,-52.6478,25.03,91,68,1.9,GF,1717992430
87,manta,-0.95,-80.7333,22.88,78,75,4.63,EC,1717992430
88,college,64.8569,-147.8028,27.99,23,40,2.57,US,1717992430
89,newman,37.3138,-121.0208,24.13,52,0,3.15,US,1717992430
90,isafjordur,66.0755,-23.124,3.5,87,13,0.56,IS,1717992430
91,riviere-du-loup,47.8304,-69.5342,8.78,99,100,0.81,CA,1717992430
92,constantia,44.1833,28.65,21.5,76,100,5.31,RO,1717992431
93,rongelap,11.1635,166.8941,28.63,80,96,7.03,MH,1717992431
94,koulamoutou,-1.1303,12.4736,20.67,98,26,0.64,GA,1717992431
95,viedma,-40.8135,-62.9967,10.51,74,1,3.27,AR,1717992431
96,poronaysk,49.2167,143.1167,9.14,95,100,3.45,RU,1717992431
97,wynyard,-41.0,145.7167,12.27,53,11,3.99,AU,1717992431
98,crane,31.3974,-102.3501,22.42,73,1,10.14,US,1717992432
99,sinop,41.7711,34.8709,15.24,62,37,2.85,TR,1717992432
100,west island,-12.1568,96.8225,28.99,79,40,4.63,CC,1717992204
101,nafplio,37.5683,22.8053,25.91,52,0,1.64,GR,1717992432
102,byron bay,-28.65,153.6167,19.28,52,75,3.72,AU,1717992192
103,selfoss,63.9331,-20.9971,6.44,77,1,1.79,IS,1717992432
104,arkhangel'sk,64.5401,40.5433,12.06,76,40,4.0,RU,1717992432
105,necochea,-38.5473,-58.7368,12.12,95,69,4.7,AR,1717992433
106,cozumel,20.5083,-86.9458,27.75,89,70,3.94,MX,1717992325
107,tazovsky,67.4667,78.7,8.93,51,55,4.41,RU,1717992433
108,hithadhoo,-0.6,73.0833,28.48,71,79,1.82,MV,1717992433
109,odienne,9.51,-7.5692,22.7,91,99,1.37,CI,1717992433
110,longyearbyen,78.2186,15.6401,2.91,75,0,2.57,SJ,1717992434
111,sur,22.5667,59.5289,32.65,49,0,3.15,OM,1717992434
112,santiago de cao,-7.9589,-79.2392,17.07,88,20,4.63,PE,1717992434
113,guerrero negro,27.9769,-114.0611,16.52,84,70,6.35,MX,1717992383
114,susanville,40.4163,-120.653,19.26,42,11,2.93,US,1717992434
115,locri,38.2414,16.2623,20.11,84,67,4.58,IT,1717992434
116,thompson,55.7435,-97.8558,9.2,60,0,1.77,CA,1717992435
117,stanley,54.868,-1.6985,7.38,95,20,3.09,GB,1717992435
118,ghat,24.9647,10.1728,27.17,8,0,1.73,LY,1717992435
119,kolokani,13.5728,-8.0339,28.8,50,63,2.94,ML,1717992435
120,am timan,11.0297,20.2827,26.2,62,97,2.63,TD,1717992435
121,avarua,-21.2078,-159.775,23.03,64,75,2.06,CK,1717992436
122,codrington,-38.2667,141.9667,14.73,62,100,5.7,AU,1717992436
123,port alfred,-33.5906,26.891,15.32,57,14,3.1,ZA,1717992436
124,pemalang,-6.9,109.3667,30.79,64,12,2.27,ID,1717992436
125,utrik,11.2278,169.8474,28.56,79,46,7.22,MH,1717992436
126,jamestown,42.097,-79.2353,13.77,94,100,4.12,US,1717992437
127,kerikeri,-35.2268,173.9474,18.84,84,24,2.24,NZ,1717992437
128,sitka,57.0531,-135.33,10.94,71,100,3.6,US,1717992437
129,biloela,-24.4167,150.5,22.2,26,0,5.76,AU,1717992437
130,prey veng,11.4868,105.3253,32.57,54,99,8.87,KH,1717992437
131,goias,-15.5807,-49.6362,17.86,59,81,1.3,BR,1717992438
132,benghazi,32.1167,20.0667,23.83,50,0,3.82,LY,1717992438
133,angaur state,6.906,134.13,28.94,71,55,1.34,PW,1717992438
134,coquimbo,-29.9533,-71.3436,13.32,77,20,1.54,CL,1717992438
135,olonkinbyen,70.9221,-8.7187,-0.89,87,100,7.51,SJ,1717992438
136,namsos,64.4662,11.4957,11.03,87,100,0.0,NO,1717992438
137,ola,59.5833,151.2833,12.3,80,81,2.87,RU,1717992439
138,juneau,58.3019,-134.4197,17.0,100,75,6.17,US,1717992184
139,nagqu,31.5,92.0,14.36,32,17,1.95,CN,1717992439
140,pemangkat,1.1667,108.9667,30.37,68,89,2.95,ID,1717992439
141,ansalta,42.6894,46.1178,18.12,79,64,1.34,RU,1717992439
142,ushuaia,-54.8,-68.3,-5.44,98,61,0.78,AR,1717992439
143,port elizabeth,-33.918,25.5701,13.0,64,21,2.37,ZA,1717992439
144,orosi,36.5449,-119.2873,28.91,41,0,2.06,US,1717992440
145,kayangel,8.0823,134.7173,29.12,72,29,1.63,PW,1717992440
146,mwene-ditu,-7.0,23.45,15.71,52,5,2.75,CD,1717992440
147,jiazi,22.8779,116.067,29.12,74,63,4.11,CN,1717992440
148,sao joao da barra,-21.6403,-41.0511,22.59,80,2,7.26,BR,1717992440
149,swift current,50.2834,-107.8014,11.37,64,32,3.56,CA,1717992441
150,dauphin,51.1494,-100.0502,8.5,89,1,1.74,CA,1717992441
151,dolores,-36.3132,-57.6792,13.29,92,97,3.06,AR,1717992441
152,rio guayabal de yateras,20.3667,-75.0167,22.74,95,100,1.16,CU,1717992441
153,morehead city,34.7229,-76.726,27.0,85,0,5.14,US,1717992441
154,guanica,17.9716,-66.908,28.91,83,85,3.14,PR,1717992441
155,lillehammer,61.1146,10.4674,5.25,99,100,1.22,NO,1717992442
156,zhuji,29.7188,120.2423,21.36,96,100,1.09,CN,1717992442
157,atafu village,-8.5421,-172.5159,29.05,75,9,5.79,TK,1717992442
158,nova sintra,14.8667,-24.7167,23.54,79,2,6.64,CV,1717992442
159,revda,56.801,59.9303,15.84,81,63,3.4,RU,1717992442
160,horta,38.5333,-28.6333,16.68,86,93,2.24,PT,1717992443
161,oulmes,33.4258,-6.0014,12.61,82,100,1.27,MA,1717992443
162,palangkaraya,-2.2,113.8333,34.05,53,100,0.64,ID,1717992443
163,mccook,40.2019,-100.6257,19.25,69,0,2.57,US,1717992443
164,ulsteinvik,62.3432,5.8487,12.09,87,100,5.81,NO,1717992443
165,port hedland,-20.3167,118.5667,28.03,23,0,6.17,AU,1717992443
166,hamilton,39.1834,-84.5333,18.74,67,0,2.57,US,1717992444
167,saldanha,-33.0117,17.9442,14.46,52,0,4.02,ZA,1717992444
168,polyarnyy,69.1989,33.4478,8.1,82,72,2.2,RU,1717992408
169,sinabang,2.4803,96.3801,30.51,63,60,1.63,ID,1717992444
170,dudinka,69.4058,86.1778,3.71,94,93,3.58,RU,1717992444
171,cambria,35.5641,-121.0808,20.41,87,10,1.34,US,1717992444
172,middletown,39.5151,-84.3983,18.68,73,0,1.54,US,1717992203
173,ust'-ilimsk,58.0006,102.6619,13.02,93,100,1.34,RU,1717992445
174,peace river,56.2501,-117.286,8.08,88,100,1.08,CA,1717992445
175,port saint john's,-31.6229,29.5448,15.02,59,0,2.92,ZA,1717992445
176,igarka,67.4667,86.5833,10.57,78,90,3.58,RU,1717992445
177,cabo san lucas,22.8909,-109.9124,23.61,64,9,3.13,MX,1717992028
178,ketchikan,55.3422,-131.6461,12.99,35,40,4.12,US,1717992445
179,talnakh,69.4865,88.3972,3.45,92,100,1.99,RU,1717992446
180,bonthe,7.5264,-12.505,26.4,82,80,2.43,SL,1717992446
181,north bay,46.3168,-79.4663,9.01,100,100,6.17,CA,1717992446
182,puerto san jose,13.9256,-90.8244,26.03,93,100,5.21,GT,1717992446
183,nar'yan-mar,67.6713,53.087,1.73,87,100,4.47,RU,1717992446
184,kingston,17.997,-76.7936,26.76,84,100,1.42,JM,1717992446
185,amga,60.8953,131.9608,24.47,24,29,2.22,RU,1717992447
186,belyy yar,53.6039,91.3903,19.94,49,0,1.0,RU,1717992447
187,ulety,51.3572,112.4849,21.15,47,96,3.33,RU,1717992447
188,lebu,-37.6167,-73.65,12.82,86,92,8.67,CL,1717992447
189,sayat,38.7839,63.8803,36.31,14,8,2.86,TM,1717992447
190,altai,46.3722,96.2583,17.42,37,18,2.03,MN,1717992447
191,kilosa,-6.8333,36.9833,17.11,83,49,0.43,TZ,1717992448
192,lang son,21.8333,106.7333,27.16,80,83,3.25,VN,1717992448
193,puerto ayora,-0.7393,-90.3518,22.53,97,40,1.89,EC,1717992448
194,kapa'a,22.0752,-159.319,29.99,76,75,6.69,US,1717992448
195,hilo,19.7297,-155.09,27.38,71,75,3.6,US,1717992259
196,cove,7.221,2.3402,23.18,98,97,1.26,BJ,1717992448
197,shanting,35.0753,117.4578,36.91,22,4,3.63,CN,1717992449
198,acarau,-2.8856,-40.12,24.7,90,97,4.55,BR,1717992449
199,forster,-32.1667,152.5167,18.49,54,4,6.83,AU,1717992449
200,moundou,8.5667,16.0833,22.86,86,99,1.25,TD,1717992449
201,brookings,44.3114,-96.7984,17.0,55,0,1.54,US,1717992449
202,bardai,11.65,7.2333,24.21,74,91,8.45,NG,1717992449
203,seabra,-12.4186,-41.7703,17.99,94,54,1.38,BR,1717992454
204,ilulissat,69.2167,-51.1,1.01,93,100,6.17,GL,1717992454
205,luderitz,-26.6481,15.1594,20.58,34,30,5.03,NA,1717992454
206,moultonborough,43.7548,-71.3967,13.48,93,44,0.45,US,1717992454
207,atmore,31.0238,-87.4939,26.05,90,90,2.73,US,1717992455
208,bechar,31.6167,-2.2167,23.89,24,69,1.23,DZ,1717992455
209,gilgit,35.9221,74.3087,20.59,38,0,0.9,PK,1717992455
210,kodiak,57.79,-152.4072,7.73,93,100,9.26,US,1717992455
211,dalandzadgad,43.5708,104.425,27.6,15,0,5.33,MN,1717992455
212,tura,25.5198,90.2201,30.38,73,1,2.26,IN,1717992455
213,souillac,-20.5167,57.5167,21.3,78,97,6.54,MU,1717992456
214,ancud,-41.8697,-73.8203,9.63,91,91,5.21,CL,1717992456
215,klaksvik,62.2266,-6.589,5.51,96,100,13.93,FO,1717992456
216,diebougou,10.9667,-3.25,25.67,79,98,3.04,BF,1717992456
217,reggane,26.7158,0.1714,34.6,15,52,4.47,DZ,1717992457
218,ar rahad,12.7167,30.65,28.58,57,94,3.02,SD,1717992457
219,traverse city,44.7631,-85.6206,11.11,83,100,3.6,US,1717992457
220,sona,45.4388,10.8255,19.07,94,75,2.06,IT,1717992457
221,holbrook,40.8123,-73.0784,18.36,78,20,1.54,US,1717992458
222,martuk,50.7475,56.5056,21.31,64,76,2.72,KZ,1717992458
223,huambo,-12.7761,15.7392,10.33,52,3,0.58,AO,1717992459
224,doka,13.5167,35.7667,23.43,79,88,6.56,SD,1717992459
225,hola,51.5377,23.1902,15.1,84,77,2.48,PL,1717992459
226,hard bargain,26.3167,-77.5667,28.4,74,6,6.65,BS,1717992459
227,santana,-0.0583,-51.1817,27.1,89,75,5.14,BR,1717992460
228,anna regina,7.2644,-58.5077,25.62,87,86,1.96,GY,1717992460
229,iskateley,67.6803,53.1512,1.68,87,100,4.47,RU,1717992460
230,parksville,49.3163,-124.3195,18.38,75,0,1.54,CA,1717992284
231,seaford,50.7714,0.1027,13.72,87,100,1.34,GB,1717992461
232,praia da vitoria,38.7333,-27.0667,17.64,88,83,3.0,PT,1717992461
233,kirakira,-10.4544,161.9205,29.09,76,73,4.4,SB,1717992461
234,chadan,51.2833,91.5833,17.69,70,100,1.72,RU,1717992461
235,frenstat pod radhostem,49.5484,18.2108,17.45,94,20,2.57,CZ,1717992461
236,ermoupolis,37.4423,24.9425,28.39,26,0,0.0,GR,1717992461
237,crucecita,-28.95,-58.9833,19.73,76,98,2.83,AR,1717992462
238,fortuna,40.5982,-124.1573,13.29,91,100,2.57,US,1717992462
239,bamboo flat,11.7,92.7167,25.05,94,75,4.12,IN,1717992462
240,new norfolk,-42.7826,147.0587,12.06,51,8,1.47,AU,1717992462
241,kidal,18.4411,1.4078,33.72,17,13,0.22,ML,1717992462
242,grand falls-windsor,48.9332,-55.6649,10.28,92,92,2.95,CA,1717992463
243,zigong,29.3416,104.7769,27.12,65,49,1.55,CN,1717992463
244,namdrik,5.5994,168.1028,28.9,77,18,7.05,MH,1717992463
245,petauke,-14.2426,31.3253,12.23,79,23,5.17,ZM,1717992463
246,sibundoy,1.2048,-76.9237,13.04,93,94,0.62,CO,1717992464
247,rasipuram,11.4667,78.1667,29.43,71,87,2.5,IN,1717992464
248,remire-montjoly,4.9167,-52.2667,25.02,100,100,0.0,GF,1717992464
249,kolomyia,48.5306,25.0403,16.1,91,74,1.99,UA,1717992464
250,kashgar,39.4547,75.9797,25.99,27,5,0.47,CN,1717992464
251,sanctuary point,-35.1114,150.629,17.77,59,8,4.62,AU,1717992464
252,genhe,50.7833,121.5167,17.51,74,100,2.08,CN,1717992465
253,mitu,1.1983,-70.1733,22.05,98,82,0.71,CO,1717992465
254,fangshan,39.6983,115.9925,34.68,23,9,2.76,CN,1717992465
255,norilsk,69.3535,88.2027,3.57,91,100,1.76,RU,1717992465
256,quellon,-43.1167,-73.6167,9.72,87,100,5.61,CL,1717992465
257,maceio,-9.6658,-35.7353,24.69,88,40,3.09,BR,1717992466
258,kruisfontein,-34.0033,24.7314,10.93,60,13,2.4,ZA,1717992466
259,teguise,29.0605,-13.564,17.12,77,40,0.51,ES,1717992466
260,yaren,-0.5472,166.916,29.39,71,7,5.36,NR,1717992466
261,chonchi,-42.6128,-73.8092,8.58,92,99,2.65,CL,1717992466
262,saint-francois,46.4154,3.9054,10.36,100,0,1.03,FR,1717992466
263,kismayo,-0.3582,42.5454,26.31,79,64,7.43,SO,1717992467
264,selogiri,-7.7833,110.8667,30.26,62,4,1.04,ID,1717992467
265,mpika,-11.8343,31.4529,11.01,94,93,4.04,ZM,1717992467
266,barra,-11.0894,-43.1417,23.1,67,2,1.65,BR,1717992467
267,ta`u,-14.2336,-169.5144,26.67,64,90,10.01,AS,1717992467
268,okhotsk,59.3833,143.3,8.51,76,68,4.32,RU,1717992468
269,nuuk,64.1835,-51.7216,5.34,93,100,13.38,GL,1717992468
270,bathsheba,13.2167,-59.5167,28.34,83,20,9.77,BB,1717992468
271,arno,60.1167,18.6333,9.32,76,76,5.85,SE,1717992468
272,gori,41.9842,44.1158,18.29,91,85,1.98,GE,1717992468
273,cestos city,5.46,-9.5828,25.89,87,96,2.32,LR,1717992469
274,vilyuysk,63.7553,121.6247,23.89,25,12,3.13,RU,1717992469
275,ulladulla,-35.35,150.4667,14.63,60,2,4.45,AU,1717992469
276,fort bragg,35.139,-79.006,21.08,93,100,0.0,US,1717992469
277,pandan,14.0453,124.1694,31.59,65,87,3.31,PH,1717992469
278,labrador city,52.9463,-66.9114,16.21,64,26,0.45,CA,1717992469
279,cidreira,-30.1811,-50.2056,19.21,80,3,2.2,BR,1717992470
280,fumel,44.4986,0.9651,12.55,90,75,2.49,FR,1717992470
281,novyy urgal,51.0736,132.5642,20.41,57,100,2.39,RU,1717992470
282,nguigmi,14.2495,13.1092,29.42,16,52,3.41,NE,1717992470
283,egilsstadir,65.2653,-14.3948,4.59,78,100,2.99,IS,1717992470
284,qarqaraly,49.4058,75.4742,26.09,36,76,6.54,KZ,1717992471
285,banda aceh,5.5577,95.3222,30.56,66,63,6.37,ID,1717992471
286,bengkulu,-3.8004,102.2655,29.24,67,36,2.1,ID,1717992471
287,isla vista,34.4133,-119.861,17.41,86,0,1.54,US,1717992471
288,kaa-khem,51.6833,94.7333,17.45,69,100,4.04,RU,1717992471
289,tallulah,32.4085,-91.1868,24.0,88,0,0.0,US,1717992471
290,lethem,3.3803,-59.7968,24.52,88,100,1.37,GY,1717992472
291,corinto,37.9407,22.9573,25.13,55,2,1.54,GR,1717992472
292,qaqortoq,60.7167,-46.0333,6.88,79,75,3.26,GL,1717992472
293,san antonio de pale,-1.4014,5.6325,24.43,81,80,4.07,GQ,1717992472
294,formosa,-26.1775,-58.1781,21.09,82,0,2.8,AR,1717992472
295,coro,11.4045,-69.6734,27.18,88,100,5.52,VE,1717992473
296,marsh harbour,26.5412,-77.0636,28.07,74,8,5.67,BS,1717992473
297,shendi,16.6915,33.4341,29.6,54,47,8.88,SD,1717992473
298,kapuskasing,49.4169,-82.4331,6.68,43,100,6.04,CA,1717992473
299,anadyr,64.75,177.4833,12.28,50,0,6.0,RU,1717992473
300,talas,38.6908,35.5538,13.37,77,20,1.03,TR,1717992474
301,sola,-13.8833,167.55,27.07,79,85,6.18,VU,1717992474
302,nova vicosa,-17.8919,-39.3719,24.09,67,99,2.07,BR,1717992474
303,sarkand,45.41,79.9186,30.91,26,2,1.03,KZ,1717992474
304,clewiston,26.7542,-80.9337,25.0,80,63,2.81,US,1717992242
305,letlhakeng,-24.0944,25.0298,6.18,76,3,2.99,BW,1717992474
306,alliance,40.9153,-81.1059,17.12,91,14,2.24,US,1717992474
307,enewetak,11.3474,162.3373,28.52,81,21,6.64,MH,1717992475
308,alofi,-19.0595,-169.9187,24.94,61,75,8.23,NU,1717992475
309,road town,18.4167,-64.6167,27.38,75,43,6.36,VG,1717992475
310,salekhard,66.53,66.6019,16.33,63,65,2.24,RU,1717992475
311,beira,-19.8436,34.8389,18.05,94,75,2.57,MZ,1717992475
312,zaozersk,69.4005,32.4476,5.52,91,95,6.92,RU,1717992475
313,el salto,20.3333,-104.5,18.84,79,0,1.15,MX,1717992476
314,caleta de carquin,-11.0925,-77.6267,17.51,86,63,3.46,PE,1717992476
315,sinan,34.8262,126.1086,19.15,82,43,4.36,KR,1717992476
316,kirensk,57.7853,108.1119,22.2,31,92,1.79,RU,1717992476
317,machilipatnam,16.1667,81.1333,31.67,57,67,5.07,IN,1717992476
318,kose,40.21,39.6511,11.8,86,84,1.46,TR,1717992476
319,touros,-5.1989,-35.4608,24.57,85,100,5.36,BR,1717992477
320,shambu,9.5667,37.1,12.07,93,54,1.11,ET,1717992477
321,antsiranana,-12.2787,49.2917,21.6,64,1,3.18,MG,1717992477
322,kannur,11.8675,75.3576,28.21,81,97,5.01,IN,1717992477
323,cockburn town,21.4612,-71.1419,27.55,86,100,7.44,TC,1717992478
324,rajaori,33.3833,74.3,32.0,16,0,1.87,IN,1717992478
325,imeni morozova,59.9757,31.0376,11.64,87,100,2.27,RU,1717992478
326,as sulayyil,20.4607,45.5779,30.14,12,0,1.26,SA,1717992478
327,susuman,62.7833,148.1667,10.55,36,100,0.89,RU,1717992478
328,aasiaat,68.7098,-52.8699,0.11,91,100,6.45,GL,1717992478
329,mendefera,14.8872,38.8153,19.52,64,10,0.72,ER,1717992479
330,bei'an,24.5399,109.533,27.59,86,99,3.81,CN,1717992479
331,mahibadhoo,3.7833,72.9667,28.64,73,62,5.11,MV,1717992479
332,howard springs,-12.497,131.047,29.99,57,9,2.22,AU,1717992479
333,port lincoln,-34.7333,135.8667,19.48,48,100,6.2,AU,1717992479
334,taoudenni,22.6783,-3.9836,34.45,18,9,4.17,ML,1717992480
335,bonanza,14.0289,-84.591,23.87,98,100,1.04,NI,1717992480
336,ambovombe,-25.1667,46.0833,17.31,74,63,7.11,MG,1717992480
337,butterworth,5.3991,100.3638,32.02,66,20,2.06,MY,1717992480
338,carnarvon,-24.8667,113.6333,21.46,73,88,4.67,AU,1717992480
339,puerto armuelles,8.2833,-82.8667,27.27,72,100,1.79,PA,1717992480
340,harper,4.375,-7.7169,24.58,94,100,2.64,LR,1717992481
341,saint-pierre,-21.3393,55.4781,21.21,68,0,2.57,RE,1717992481
342,mata-utu,-13.2816,-176.1745,27.57,75,87,9.7,WF,1717992481
343,guichon,-32.35,-57.2,16.66,95,76,2.24,UY,1717992481
344,al hazm,16.1641,44.7769,30.09,26,55,5.43,YE,1717992482
345,timber pines,28.4703,-82.6032,28.27,88,3,3.59,US,1717992482
346,navia,43.5354,-6.7194,13.08,95,100,1.28,ES,1717992482
347,badger,64.8,-147.5333,27.95,24,0,2.57,US,1717992482
348,nago,26.5881,127.9761,25.47,75,98,1.29,JP,1717992482
349,tierralta,8.1736,-76.0592,24.63,94,100,1.03,CO,1717992483
350,punta gorda,26.9298,-82.0454,30.01,81,0,1.54,US,1717992209
351,nemuro,43.3236,145.575,11.52,90,100,6.75,JP,1717992483
352,punta arenas,-53.15,-70.9167,1.06,93,100,3.09,CL,1717992483
353,antalaha,-14.9003,50.2788,19.84,83,4,3.53,MG,1717992483
354,general pico,-35.6566,-63.7568,13.44,44,100,1.66,AR,1717992483
355,sheringham,52.9408,1.2093,11.22,95,100,4.59,GB,1717992484
356,mahina,-17.5065,-149.489,24.87,88,75,7.2,PF,1717992484
357,dwarka,22.2394,68.9678,30.37,72,13,5.93,IN,1717992484
358,puerto baquerizo moreno,-0.9,-89.6,22.16,89,58,2.72,EC,1717992484
359,margate,51.3813,1.3862,12.17,89,100,3.13,GB,1717992303
360,tolanaro,-25.0319,46.9987,17.24,81,94,3.68,MG,1717992485
361,huyton,53.4115,-2.8394,8.9,93,75,5.66,GB,1717992485
362,senador jose porfirio,-2.5908,-51.9542,23.4,96,28,0.23,BR,1717992485
363,grand baie,-20.0182,57.5802,24.14,78,96,3.13,MU,1717992485
364,floro,61.5996,5.0328,11.04,81,75,10.29,NO,1717992485
365,geraldton,-28.7667,114.6,18.23,94,75,8.75,AU,1717992486
366,onguday,50.75,86.15,22.65,53,71,1.48,RU,1717992486
367,mil'kovo,55.6078,37.7956,17.81,65,61,3.44,RU,1717992486
368,eirunepe,-6.6603,-69.8736,23.03,97,88,0.85,BR,1717992486
369,hotan,37.0997,79.9269,25.82,27,58,3.28,CN,1717992486
370,happy valley-goose bay,53.3168,-60.3315,10.34,88,71,2.08,CA,1717992486
371,cam ranh,11.9214,109.1591,32.98,55,20,7.2,VN,1717992487
372,darwin,-12.4611,130.8418,30.03,46,0,3.58,AU,1717992182
373,beroroha,-21.6667,45.1667,14.72,80,0,1.4,MG,1717992487
374,colchani,-20.3,-66.9333,3.34,33,20,3.44,BO,1717992487
375,tsiombe,-25.3,45.4833,18.27,64,88,5.51,MG,1717992487
376,upington,-28.4478,21.2561,8.69,55,0,5.43,ZA,1717992487
377,nagornyy,52.7959,83.5498,20.52,68,100,2.75,RU,1717992488
378,marsa alam,25.0757,34.8918,30.85,32,0,4.45,EG,1717992488
379,shizuishan,39.2333,106.7694,30.82,20,49,2.4,CN,1717992488
380,alo,7.4178,6.7371,23.97,96,100,1.81,NG,1717992488
381,saruhanli,38.7346,27.5681,22.31,54,0,1.03,TR,1717992488
382,moa,20.6569,-74.9403,26.69,90,100,2.79,CU,1717992489
383,arraial do cabo,-22.9661,-42.0278,22.58,82,24,11.83,BR,1717992489
384,khamharia,20.9833,82.2667,36.06,38,39,3.26,IN,1717992489
385,mbandaka,0.0487,18.2603,23.0,80,96,1.65,CD,1717992489
386,xapuri,-10.6517,-68.5044,22.65,73,93,0.82,BR,1717992489
387,cesky brod,50.0742,14.8608,16.36,92,100,2.29,CZ,1717992489
388,oriximina,-1.7656,-55.8661,24.04,94,83,1.73,BR,1717992490
389,port-gentil,-0.7193,8.7815,23.75,84,51,3.36,GA,1717992490
390,kabul,34.5,69.4167,21.66,23,0,1.94,AF,1717992315
391,nimaj,26.1497,74.0,34.39,36,77,3.73,IN,1717992491
392,al qusayr,34.5091,36.5798,23.12,55,0,1.18,SY,1717992492
393,vorgashor,67.5833,63.95,2.11,96,100,2.7,RU,1717992492
394,barcelos,41.5388,-8.6151,18.25,89,44,1.26,PT,1717992492
395,flin flon,54.7682,-101.865,7.58,91,41,2.42,CA,1717992492
396,skovorodino,53.9833,123.9167,21.99,31,97,2.53,RU,1717992492
397,coruripe,-10.1256,-36.1756,23.76,80,41,3.39,BR,1717992493
398,siuri,23.9167,87.5333,40.76,25,85,2.41,IN,1717992493
399,mount gambier,-37.8333,140.7667,15.19,61,100,4.64,AU,1717992493
400,waddan,29.1614,16.139,26.94,15,0,3.46,LY,1717992493
401,tobelo,1.7284,128.0095,29.21,73,90,1.57,ID,1717992493
402,cheongju-si,36.6372,127.4897,30.26,40,22,4.11,KR,1717992494
403,'ain el melh,34.8415,4.1638,19.9,33,59,4.69,DZ,1717992494
404,imbituba,-28.24,-48.6703,21.03,79,2,1.78,BR,1717992494
405,westport,41.1415,-73.3579,17.99,70,0,2.57,US,1717992269
406,malakanagiri,18.35,81.9,33.19,51,24,1.88,IN,1717992494
407,fada,9.5667,8.3,20.73,98,100,2.4,NG,1717992494
408,fengxian,34.7039,116.5872,37.32,23,74,3.36,CN,1717992495
409,alburquerque,39.2208,-7.0023,15.32,95,99,1.59,ES,1717992495
410,fale old settlement,-9.3852,-171.2468,28.08,78,54,7.94,TK,1717992495
411,flinders view,-27.6505,152.7745,23.88,31,0,3.09,AU,1717992495
412,tazacorte,28.629,-17.9293,19.54,89,0,2.24,ES,1717992495
413,juba,4.8517,31.5825,20.95,84,14,1.39,SS,1717992496
414,nsanje,-16.92,35.262,16.51,95,89,1.79,MW,1717992496
415,nieuw amsterdam,5.8833,-55.0833,25.39,89,100,2.51,SR,1717992496
416,mount isa,-20.7333,139.5,25.87,24,11,3.6,AU,1717992496
417,san luis de la loma,17.2706,-100.8939,26.17,78,100,3.53,MX,1717992496
418,podgornoye,51.735,39.1496,18.12,68,100,2.0,RU,1717992496
419,malayer,34.2969,48.8235,23.2,26,26,2.13,IR,1717992497
420,faya-largeau,17.9257,19.1043,30.25,15,8,4.82,TD,1717992497
421,nikolayevsk-on-amure,53.1406,140.73,10.12,97,100,1.79,RU,1717992497
422,gornopravdinsk,60.05,69.9,19.63,51,97,2.8,RU,1717992497
423,kincardine,56.0667,-3.7167,9.15,82,55,2.87,GB,1717992497
424,manokwari,-0.8667,134.0833,29.53,65,80,2.99,ID,1717992497
425,moyale,3.5167,39.0584,18.3,70,87,3.27,KE,1717992498
426,andergrove,-21.0833,149.1833,26.94,53,0,4.45,AU,1717992498
427,clearwater,27.9659,-82.8001,28.96,81,0,2.68,US,1717992498
428,vernon,50.2581,-119.2691,20.2,74,100,1.75,CA,1717992498
429,muromtsevo,56.3724,75.2418,18.69,67,100,5.47,RU,1717992498
430,lamesa,32.7376,-101.951,19.18,63,100,3.16,US,1717992499
431,kalulushi,-12.8378,28.0919,10.11,92,94,2.58,ZM,1717992499
432,port moresby,-9.4431,147.1797,28.12,76,70,8.98,PG,1717992499
433,santa rosalia,27.3167,-112.2833,26.88,35,0,4.13,MX,1717992499
434,santa cruz,-17.8,-63.1667,21.7,88,4,4.63,BO,1717992499
435,tabou,4.423,-7.3528,24.84,92,100,2.78,CI,1717992500
436,puerto lempira,15.2667,-83.7667,27.71,87,84,4.13,HN,1717992500
437,al wakrah,24.85,51.3333,32.05,49,0,3.42,QA,1717992500
438,ellensburg,46.9965,-120.5479,23.8,45,0,6.69,US,1717992500
439,trancas,-26.2314,-65.2803,14.81,74,88,0.31,AR,1717992500
440,mumbwa,-14.9783,27.0619,10.8,87,0,3.15,ZM,1717992500
441,chesma,53.8111,60.6533,14.92,90,100,4.55,RU,1717992501
442,quelimane,-17.8786,36.8883,19.81,72,81,3.21,MZ,1717992501
443,coahuayana de hidalgo,18.7,-103.6583,23.17,89,16,0.89,MX,1717992501
444,fontem,5.4685,9.8818,19.23,97,100,0.41,CM,1717992501
445,gorom-gorom,14.4439,-0.2361,33.49,36,28,6.1,BF,1717992501
446,plastun,44.7561,136.2939,21.29,53,80,3.52,RU,1717992501
447,san martin,-33.081,-68.4681,12.06,44,64,4.29,AR,1717992502
448,floriano,-6.7669,-43.0225,28.23,44,93,3.52,BR,1717992502
449,port augusta,-32.5,137.7667,22.42,28,80,7.54,AU,1717992502
450,virac,13.6333,124.2167,27.51,66,100,2.74,PH,1717992502
451,suhbaatar,50.2314,106.2078,20.49,64,100,4.37,MN,1717992502
452,hadsund,56.7148,10.1168,10.95,85,59,8.74,DK,1717992503
453,alenquer,-1.9417,-54.7383,23.64,95,88,1.2,BR,1717992503
454,kargopol',61.5071,38.9456,10.93,82,100,2.84,RU,1717992503
455,gamay,12.3854,125.2979,30.54,73,99,2.85,PH,1717992503
456,aykhal,66.0,111.5,22.47,24,60,3.92,RU,1717992503
457,zheleznogorsk,52.331,35.3711,16.5,81,88,2.99,RU,1717992504
458,magadan,59.5667,150.8,11.96,80,89,2.05,RU,1717992504
459,la passe,45.5549,-0.8967,13.13,83,68,4.3,FR,1717992504
460,barra dos coqueiros,-10.9089,-37.0386,26.01,78,20,4.12,BR,1717992504
461,holualoa,19.6228,-155.9522,24.91,78,75,3.09,US,1717992504
462,pavlodar,52.3,76.95,20.89,78,75,5.0,KZ,1717992504
463,abepura,-2.6333,140.5833,31.45,70,20,4.63,ID,1717992505
464,iguape,-24.7081,-47.5553,18.81,82,18,1.75,BR,1717992505
465,prince rupert,54.3161,-130.3201,11.33,73,61,1.4,CA,1717992505
466,essaouira,31.5125,-9.77,18.32,84,100,0.54,MA,1717992505
467,gadzhiyevo,69.2551,33.3362,7.66,83,68,3.17,RU,1717992505
468,ongjin,37.9347,125.3619,24.0,69,1,3.62,KP,1717992505
469,khamis mushait,18.3064,42.7292,24.58,49,0,2.06,SA,1717992506
470,ylitornio,66.3089,23.6773,8.49,91,100,2.3,FI,1717992506
471,usogorsk,63.4106,48.6872,10.37,71,18,2.56,RU,1717992506
472,contamana,-7.3333,-75.0167,23.67,86,39,1.1,PE,1717992506
473,lerwick,60.1545,-1.1494,8.0,77,100,9.27,GB,1717992506
474,tual,-5.6667,132.75,26.73,84,13,9.73,ID,1717992506
475,heihe,50.2441,127.4902,24.32,32,31,0.75,CN,1717992507
476,klyuchi,52.2667,79.1667,25.4,61,65,4.7,RU,1717992507
477,thomson,33.4707,-82.5046,28.79,75,0,0.0,US,1717992507
478,cabedelo,-6.9811,-34.8339,23.37,79,16,5.31,BR,1717992507
479,bahia honda,22.9036,-83.1592,25.05,92,21,3.15,CU,1717992507
480,altamira,-3.2033,-52.2064,22.43,97,31,0.62,BR,1717992508
481,ujae,8.9322,165.7642,28.75,78,10,7.12,MH,1717992508
482,waterbeach,52.2655,0.1912,12.18,94,100,7.96,GB,1717992508
483,fuyang,32.9,115.8167,34.47,34,89,3.68,CN,1717992508
484,al harithah,30.7186,47.7208,36.79,20,65,6.05,IQ,1717992508
485,miramichi,47.0043,-65.4654,12.88,98,100,3.56,CA,1717992508
486,kabansk,52.0486,106.6528,18.08,82,100,4.19,RU,1717992509
487,kone,-21.0595,164.8658,26.74,63,52,4.16,NC,1717992509
488,benjamin constant,-4.3831,-70.0311,23.07,99,88,0.38,BR,1717992509
489,point pedro,9.8167,80.2333,29.88,75,100,8.27,LK,1717992509
490,kayyerkan,69.3786,87.7439,3.5,99,100,1.83,RU,1717992509
491,whakatane,-37.9585,176.9854,18.21,91,71,0.45,NZ,1717992379
492,mulayjah,27.271,48.4242,35.07,29,0,3.97,SA,1717992510
493,tanjung sepat,2.6579,101.5629,32.83,70,40,1.54,MY,1717992510
494,sisimiut,66.9395,-53.6735,0.04,92,100,2.27,GL,1717992510
495,kangaba,11.9333,-8.4167,27.83,62,100,1.52,ML,1717992510
496,papagaios,-19.4492,-44.7478,15.14,85,41,2.13,BR,1717992510
497,miles city,46.4083,-105.8406,22.54,46,100,6.17,US,1717992511
498,yeraliyev,43.2,51.65,28.07,39,100,4.77,KZ,1717992511
499,keflavik,64.0049,-22.5624,5.24,93,0,3.09,IS,1717992511
500,gaiman,-43.2897,-65.4929,9.48,66,15,3.54,AR,1717992511
501,malango,-2.9627,119.9001,27.45,64,81,2.28,ID,1717992511
502,devonport,-41.1667,146.35,11.4,67,14,0.45,AU,1717992511
503,inarajan village,13.2736,144.7484,33.54,81,84,6.35,GU,1717992512
504,palikir - national government center,6.9248,158.1611,29.41,79,100,2.06,FM,1717992512
505,lawas,13.764,121.0566,31.62,66,100,4.64,PH,1717992512
506,gardnerville ranchos,38.8882,-119.7413,23.94,34,0,0.0,US,1717992512
507,morwell,-38.2333,146.4,13.0,48,61,1.37,AU,1717992512
508,chinde,26.8418,88.0763,25.82,62,14,2.21,NP,1717992512
509,yinchuan,38.4681,106.2731,30.61,22,77,2.91,CN,1717992513
510,machico,32.7,-16.7667,20.56,79,75,3.09,PT,1717992513
511,kavalerovo,44.2661,135.0572,20.86,51,64,4.02,RU,1717992513
512,taungdwingyi,20.0167,95.55,33.42,53,89,3.45,MM,1717992513
513,balakhta,55.38,91.6,16.22,67,34,6.37,RU,1717992513
514,farshut,26.0549,32.1633,27.45,23,0,2.95,EG,1717992514
515,pedregulho,-20.2569,-47.4767,14.97,68,22,1.98,BR,1717992514
516,chatel-guyon,45.9167,3.0667,9.18,100,75,1.03,FR,1717992514
517,victorica,-36.2151,-65.4359,12.8,46,100,0.86,AR,1717992514
518,kapoeta,4.7717,33.5903,24.34,67,69,2.15,SS,1717992514
519,miguel ahumada,30.6167,-106.5167,26.1,15,39,2.14,MX,1717992514
520,nanao,37.05,136.9667,22.33,77,84,1.12,JP,1717992515
521,belle chasse,29.8549,-89.9906,29.99,61,6,0.45,US,1717992515
522,majuro,7.0897,171.3803,30.98,74,40,9.26,MH,1717992515
523,ciudad melchor muzquiz,27.8833,-101.5167,25.43,67,41,5.21,MX,1717992515
524,salinopolis,-0.6136,-47.3561,25.82,88,86,5.01,BR,1717992515
525,ca mau,9.1769,105.15,29.3,66,98,4.54,VN,1717992515
526,upata,8.0086,-62.3989,23.37,94,100,1.21,VE,1717992516
527,yankton,42.8711,-97.3973,18.14,52,45,2.57,US,1717992516
528,kibale,0.8,31.0667,15.39,81,62,0.53,UG,1717992516
529,lata,40.1629,-8.3327,16.15,96,100,0.18,PT,1717992516
530,labytnangi,66.6572,66.4183,16.32,63,65,2.34,RU,1717992516
531,fomboni,-12.28,43.7425,27.17,63,40,8.88,KM,1717992516
532,nema,57.5067,50.5011,17.68,65,94,2.2,RU,1717992517
533,pirenopolis,-15.8525,-48.9592,17.32,61,77,2.81,BR,1717992517
534,tanjung pandan,-2.75,107.65,32.22,57,100,2.57,ID,1717992517
535,ironwood,46.4547,-90.171,7.12,100,20,0.0,US,1717992517
536,laem sing,12.4816,102.0738,26.75,89,100,9.26,TH,1717992517
537,irbit,57.6705,63.071,14.73,92,97,1.58,RU,1717992518
538,bowie,33.4501,-94.4335,28.04,85,32,4.02,US,1717992518
539,mwingi,-0.9344,38.0601,16.88,90,91,1.86,KE,1717992518
540,kalemie,-5.9475,29.1947,21.96,62,12,6.78,CD,1717992518
541,taltal,-25.4,-70.4833,15.36,77,0,1.45,CL,1717992518
542,skowhegan,44.7651,-69.7192,14.31,96,19,2.16,US,1717992518
543,smithers,54.7804,-127.1743,17.65,64,75,1.71,CA,1717992519
544,east london,-33.0153,27.9116,14.78,51,12,2.3,ZA,1717992519
545,shetpe,44.1667,52.1167,27.38,33,95,6.18,KZ,1717992519
546,puerto penasco,31.3167,-113.5333,26.62,74,56,3.58,MX,1717992519
547,wotho,10.1657,166.0102,28.61,79,92,6.79,MH,1717992519
548,stephenville,32.2207,-98.2023,26.25,79,0,0.0,US,1717992519
549,sitia,35.2,26.0986,26.1,49,0,3.04,GR,1717992520
550,iranshahr,27.2025,60.6848,32.55,28,0,0.64,IR,1717992520
551,puerto ayacucho,5.6639,-67.6236,23.56,95,100,0.08,VE,1717992520
552,lazaro cardenas,17.9583,-102.2,25.27,79,47,2.27,MX,1717992520
553,uturoa,-16.7333,-151.4333,25.64,81,92,7.71,PF,1717992520
554,ra's bayrut,33.9,35.4833,26.17,69,0,2.57,LB,1717992520
555,merlo,-32.3429,-65.014,13.38,49,100,8.16,AR,1717992521
556,nova xavantina,-14.6667,-52.35,20.79,56,15,0.79,BR,1717992521
557,pechora,65.1472,57.2244,9.92,97,100,1.79,RU,1717992521
558,fort mcmurray,56.7268,-111.381,11.77,87,100,2.06,CA,1717992286
559,hammerfest,70.6634,23.6821,13.25,62,0,3.6,NO,1717992521
560,oxelosund,58.6706,17.1015,10.21,76,75,5.66,SE,1717992521
561,olinda,-8.0089,-34.8553,26.85,78,20,6.17,BR,1717992521
562,vadso,70.0744,29.7487,6.49,100,100,9.77,NO,1717992522
563,fort st. john,56.2499,-120.8529,6.52,83,100,0.75,CA,1717992522
564,dossor,47.5272,52.9811,27.72,40,88,3.42,KZ,1717992522
565,richards bay,-28.783,32.0377,13.07,74,0,2.75,ZA,1717992522
566,bardsir,29.9227,56.5743,23.21,13,0,1.92,IR,1717992522
567,berezovyy,51.6667,135.7,10.28,98,100,2.37,RU,1717992523
568,soio,-6.1349,12.3689,21.93,91,53,2.53,AO,1717992523
569,sandanski,41.5667,23.2833,22.56,69,12,0.73,BG,1717992523
570,hrodna,53.6884,23.8258,13.03,79,43,1.73,BY,1717992523
571,yuzhno-kurilsk,44.0306,145.8556,11.32,93,100,4.87,RU,1717992523
572,beboto,8.2668,16.939,22.82,90,100,0.88,TD,1717992523
573,kyaikkami,16.08,97.5675,27.76,80,99,2.71,MM,1717992524
574,masterton,-40.9597,175.6575,14.38,78,91,4.07,NZ,1717992524
575,mermoz boabab,14.7065,-17.4758,23.31,83,17,4.29,SN,1717992524
576,pundong,-7.9522,110.3486,30.9,63,5,3.55,ID,1717992524
577,haimen,23.1935,116.6142,29.61,74,87,5.39,CN,1717992525
578,isoka,-10.1606,32.6335,12.88,95,95,2.11,ZM,1717992525
579,al burayqah,30.4062,19.5739,22.8,61,0,1.44,LY,1717992525
580,tilcara,-23.5776,-65.3509,7.86,15,3,5.1,AR,1717992525
581,alamos,27.0167,-108.9333,28.41,52,0,1.86,MX,1717992525
582,mili,6.0815,171.735,28.88,76,32,6.91,MH,1717992525
583,shimokizukuri,40.8061,140.3861,24.18,75,51,3.97,JP,1717992526
584,pacific grove,36.6177,-121.9166,15.77,87,100,4.12,US,1717992526
585,gleize,45.9908,4.7007,14.14,86,29,1.69,FR,1717992526
586,shar,49.5886,81.0453,28.83,42,89,3.56,KZ,1717992526
587,st. john's,47.5649,-52.7093,10.99,95,100,11.83,CA,1717992526
588,tralee,52.2704,-9.7026,9.62,93,99,2.9,IE,1717992526
589,luchegorsk,46.4764,134.2569,20.77,68,78,3.56,RU,1717992527
590,betafo,-19.8333,46.85,11.67,84,82,2.69,MG,1717992527
591,hobyo,5.3505,48.5268,26.44,75,83,10.33,SO,1717992527
592,khandyga,62.6667,135.6,18.58,40,92,2.16,RU,1717992527
593,callao,-12.0667,-77.15,18.73,77,100,3.09,PE,1717992519
594,kavieng,-2.5744,150.7967,29.32,76,100,4.65,PG,1717992527
595,mutuali,-14.8706,37.0044,14.94,87,97,1.62,MZ,1717992528
596,vila franca do campo,37.7167,-25.4333,18.27,99,47,2.13,PT,1717992528
597,berbera,10.4396,45.0143,32.81,42,85,7.62,SO,1717992528
598,kununurra,-15.7667,128.7333,27.99,24,3,4.63,AU,1717992528
